{"perturbation": ["brightness", "brightness", "brightness", "brightness", "brightness"], "magnitude": [0.5, 0.7, 1.0, 1.3, 1.6], "bertscore_f1": [0.6942333579063416, 0.6919493675231934, 0.6924842596054077, 0.6952584981918335, 0.6942446827888489], "relative_degradation": [-0.0025258311314260216, 0.000772424896010125, 0.0, -0.004006211762858843, -0.0025421851240984]}