{"perturbation": ["jpeg_compression", "jpeg_compression", "jpeg_compression", "jpeg_compression", "jpeg_compression"], "magnitude": [95, 75, 50, 25, 10], "bertscore_f1": [0.6914266347885132, 0.6937659382820129, 0.6944515705108643, 0.6934346556663513, 0.699895441532135], "relative_degradation": [0.0, -0.003383299652920196, -0.0043749192902820585, -0.0029041705609913746, -0.012248308522584152]}