{"perturbation": ["gaussian_noise", "gaussian_noise", "gaussian_noise", "gaussian_noise", "gaussian_noise"], "magnitude": [0.0, 5.0, 15.0, 30.0, 50.0], "bertscore_f1": [0.6924842596054077, 0.6879081130027771, 0.6942107081413269, 0.6978455781936646, 0.6991685032844543], "relative_degradation": [0.0, 0.006608304144325535, -0.002493123146081265, -0.007742152278395222, -0.009652556843465951]}