{"perturbation": ["contrast", "contrast", "contrast", "contrast", "contrast"], "magnitude": [0.5, 0.7, 1.0, 1.5, 2.0], "bertscore_f1": [0.6947911977767944, 0.6914448738098145, 0.6924842596054077, 0.6900912523269653, 0.6908960342407227], "relative_degradation": [-0.003331394381009124, 0.0015009522327417606, 0.0, 0.0034556847253191998, 0.0022935183618326043]}