{"perturbation": ["gamma", "gamma", "gamma", "gamma", "gamma"], "magnitude": [0.5, 0.75, 1.0, 1.5, 2.0], "bertscore_f1": [0.6916369795799255, 0.6897600293159485, 0.6924842596054077, 0.6938230395317078, 0.6910076141357422], "relative_degradation": [0.0012235368728308366, 0.003933995974163446, 0.0, -0.001933300154812059, 0.002132388497186855]}