{
  "variant": "zero_shot",
  "bertscore_f1": 0.6938058137893677,
  "chexbert_micro_f1": 0.396652719665272,
  "chexbert_macro_f1": 0.1415713372260725,
  "bleu4": 0.09567052646369525,
  "rouge_l": 0.2630699920879753,
  "per_label_f1": {
    "Enlarged Cardiomediastinum": 0.0,
    "Cardiomegaly": 0.0,
    "Lung Opacity": 0.10989010989010989,
    "Lung Lesion": 0.0625,
    "Edema": 0.0,
    "Consolidation": 0.0,
    "Pneumonia": 0.2222222222222222,
    "Atelectasis": 0.0,
    "Pneumothorax": 0.5,
    "Pleural Effusion": 0.09090909090909091,
    "Pleural Other": 0.0,
    "Fracture": 0.08333333333333333,
    "Support Devices": 0.35294117647058826,
    "No Finding": 0.5602027883396705
  },
  "bertscore_per_study": [
    0.6022299528121948,
    0.687813401222229,
    0.6701095700263977,
    0.7695795893669128,
    0.7152913212776184,
    0.6544957160949707,
    0.7184849381446838,
    0.7293750643730164,
    0.7245129346847534,
    0.7536082863807678,
    0.6932697296142578,
    0.665932297706604,
    0.681175947189331,
    0.7680981755256653,
    0.6177389025688171,
    0.6799659132957458,
    0.7705025672912598,
    0.6945191025733948,
    0.6636179685592651,
    0.6959493160247803,
    0.6768894195556641,
    0.7932543754577637,
    0.6821762323379517,
    0.7319647073745728,
    0.6479647755622864,
    0.7157976627349854,
    0.6758806705474854,
    0.7163099050521851,
    0.6639464497566223,
    0.6422893404960632,
    0.6741342544555664,
    0.6446314454078674,
    0.6819687485694885,
    0.7536082863807678,
    0.6682649254798889,
    0.7428622245788574,
    0.7647800445556641,
    0.6570417881011963,
    0.8180334568023682,
    0.7098289132118225,
    0.7474678158760071,
    0.5772668719291687,
    0.7479710578918457,
    0.6524220108985901,
    0.5962358117103577,
    0.5917354822158813,
    0.7243536710739136,
    0.697942316532135,
    0.7132875919342041,
    0.7100254893302917,
    0.627641499042511,
    0.5890995264053345,
    0.6630798578262329,
    0.6550090909004211,
    0.7676876187324524,
    0.680415689945221,
    0.7506330013275146,
    0.6933318972587585,
    0.7685900926589966,
    0.771690845489502,
    0.686948299407959,
    0.791780412197113,
    0.7420140504837036,
    0.7601687908172607,
    0.7316989898681641,
    0.612559974193573,
    0.6605116724967957,
    0.7182546257972717,
    0.6579063534736633,
    0.6631014347076416,
    0.6765633821487427,
    0.619078516960144,
    0.7445712685585022,
    0.6054011583328247,
    0.7728083729743958,
    0.6655784249305725,
    0.6665191650390625,
    0.7686475515365601,
    0.7485719919204712,
    0.658833920955658,
    0.661987841129303,
    0.4649522602558136,
    0.7567253112792969,
    0.6241827011108398,
    0.7769151329994202,
    0.6825953125953674,
    0.8057772517204285,
    0.721217155456543,
    0.7726484537124634,
    0.6994441747665405,
    0.6839137077331543,
    0.6618666648864746,
    0.7536082863807678,
    0.7478653788566589,
    0.6273785829544067,
    0.6618736982345581,
    0.7655134201049805,
    0.6963269710540771,
    0.6401776671409607,
    0.5965279340744019,
    0.7177678942680359,
    0.7349947094917297,
    0.6160820126533508,
    0.7693919539451599,
    0.7807782888412476,
    0.7025941610336304,
    0.6160377860069275,
    0.7388076782226562,
    0.6689068675041199,
    0.6668357849121094,
    0.7316030859947205,
    0.6508753895759583,
    0.751550555229187,
    0.6721304059028625,
    0.6212920546531677,
    0.754898190498352,
    0.7104590535163879,
    0.7508608102798462,
    0.791780412197113,
    0.7570661306381226,
    0.6352173686027527,
    0.6987196207046509,
    0.7308321595191956,
    0.6555410623550415,
    0.654662549495697,
    0.7508730292320251,
    0.690785825252533,
    0.6198667287826538,
    0.6671141386032104,
    0.7791181802749634,
    0.7258127331733704,
    0.657184362411499,
    0.6548648476600647,
    0.6198927164077759,
    0.7582006454467773,
    0.7943812012672424,
    0.7626107335090637,
    0.7724079489707947,
    0.656997561454773,
    0.7943812012672424,
    0.7299816012382507,
    0.7408570647239685,
    0.7335401177406311,
    0.7294037938117981,
    0.7032113671302795,
    0.6970563530921936,
    0.6018121838569641,
    0.7127509117126465,
    0.7516088485717773,
    0.7932325601577759,
    0.6741346120834351,
    0.6788051128387451,
    0.7613223195075989,
    0.6217519044876099,
    0.7484104633331299,
    0.6612079739570618,
    0.7197192311286926,
    0.7575824856758118,
    0.681755006313324,
    0.7261319160461426,
    0.5675187110900879,
    0.7314716577529907,
    0.6705394983291626,
    0.6835520267486572,
    0.6660213470458984,
    0.7098289132118225,
    0.6151139140129089,
    0.7555781006813049,
    0.6734440326690674,
    0.7194159626960754,
    0.764043390750885,
    0.8085004091262817,
    0.7089249491691589,
    0.7246314287185669,
    0.7541839480400085,
    0.8180334568023682,
    0.642741858959198,
    0.7460996508598328,
    0.7404794692993164,
    0.6318931579589844,
    0.7334958910942078,
    0.6534355282783508,
    0.7010408639907837,
    0.6731470823287964,
    0.7869471311569214,
    0.6122974157333374,
    0.692173421382904,
    0.697143018245697,
    0.6609600186347961,
    0.7578634023666382,
    0.7093713283538818,
    0.6217519044876099,
    0.6326441764831543,
    0.664506196975708,
    0.7797119617462158,
    0.6577296257019043,
    0.7283445596694946,
    0.6917813420295715,
    0.6196486353874207,
    0.6293243169784546,
    0.6307744383811951,
    0.6242374777793884,
    0.5876258611679077,
    0.7183326482772827,
    0.7772839665412903,
    0.7224106192588806,
    0.7079668045043945,
    0.7622365355491638,
    0.6353340744972229,
    0.6436116099357605,
    0.7321656346321106,
    0.6405481100082397,
    0.6223714351654053,
    0.6423765420913696,
    0.6758788824081421,
    0.666466236114502,
    0.6044739484786987,
    0.5930914878845215,
    0.8035822510719299,
    0.7111773490905762,
    0.6721484661102295,
    0.7740246057510376,
    0.6206237077713013,
    0.747587263584137,
    0.6750224828720093,
    0.6366031765937805,
    0.791780412197113,
    0.7404794692993164,
    0.6729700565338135,
    0.724014401435852,
    0.7358381748199463,
    0.7442722320556641,
    0.7010775804519653,
    0.7866265177726746,
    0.6806676983833313,
    0.7483347058296204,
    0.6127791404724121,
    0.6177389025688171,
    0.7882542014122009,
    0.6671736240386963,
    0.7093397974967957,
    0.6837825179100037,
    0.7525460124015808,
    0.7388843297958374,
    0.7508608102798462,
    0.6837299466133118,
    0.6754353642463684,
    0.6840930581092834,
    0.6703975796699524,
    0.7015904784202576,
    0.7152817845344543,
    0.6152833700180054,
    0.7438875436782837,
    0.7283419370651245,
    0.7022107243537903,
    0.7251222133636475,
    0.7435558438301086,
    0.7985060214996338,
    0.611861526966095,
    0.6572850346565247,
    0.7167965769767761,
    0.6651672124862671,
    0.7704771161079407,
    0.6158546209335327,
    0.6002930402755737,
    0.7094781398773193,
    0.701086699962616,
    0.6618074774742126,
    0.7190037965774536,
    0.7827796936035156,
    0.6049243211746216,
    0.6383476257324219,
    0.8112793564796448,
    0.7437267899513245,
    0.7486157417297363,
    0.7737186551094055,
    0.7141396999359131,
    0.7168859839439392,
    0.758647084236145,
    0.6792839169502258,
    0.742335855960846,
    0.7710541486740112,
    0.683445930480957,
    0.6338590383529663,
    0.695231020450592,
    0.7991572618484497,
    0.6621962189674377,
    0.7067865133285522,
    0.7026159763336182,
    0.7083186507225037,
    0.7108163237571716,
    0.7732403874397278,
    0.7063930630683899,
    0.7042837142944336,
    0.6032437086105347,
    0.8279704451560974,
    0.713528573513031,
    0.7484700083732605,
    0.7772761583328247,
    0.6406046152114868,
    0.6869558691978455,
    0.7095088958740234,
    0.6379727125167847,
    0.6204007863998413,
