{
  "variant": "uniform_v3",
  "bertscore_f1": 0.6924842596054077,
  "chexbert_micro_f1": 0.463743676222597,
  "chexbert_macro_f1": 0.16507079152068854,
  "bleu4": 0.11452552175071347,
  "rouge_l": 0.29153393418921936,
  "per_label_f1": {
    "Enlarged Cardiomediastinum": 0.041666666666666664,
    "Cardiomegaly": 0.5106382978723404,
    "Lung Opacity": 0.13636363636363635,
    "Lung Lesion": 0.0,
    "Edema": 0.0,
    "Consolidation": 0.0,
    "Pneumonia": 0.0,
    "Atelectasis": 0.047619047619047616,
    "Pneumothorax": 0.0,
    "Pleural Effusion": 0.3076923076923077,
    "Pleural Other": 0.0,
    "Fracture": 0.25806451612903225,
    "Support Devices": 0.4,
    "No Finding": 0.6089466089466089
  },
  "bertscore_per_study": [
    0.45450326800346375,
    0.7249621748924255,
    0.6524807214736938,
    0.7043771743774414,
    0.6895866394042969,
    0.6633275747299194,
    0.756690263748169,
    0.48268356919288635,
    0.6944618821144104,
    0.690308690071106,
    0.792230486869812,
    0.6427596211433411,
    0.685576856136322,
    0.7698428630828857,
    0.6440497040748596,
    0.5781839489936829,
    0.7861218452453613,
    0.6962482333183289,
    0.6765663027763367,
    0.7266680598258972,
    0.6757726073265076,
    0.717727541923523,
    0.7561404705047607,
    0.7611584067344666,
    0.6490271091461182,
    0.7912486791610718,
    0.655182957649231,
    0.6821020841598511,
    0.6760877966880798,
    0.6466434001922607,
    0.644092857837677,
    0.6642886996269226,
    0.46494442224502563,
    0.7033034563064575,
    0.6430292129516602,
    0.822342038154602,
    0.7571206092834473,
    0.5602559447288513,
    0.7608051896095276,
    0.678757905960083,
    0.6875721216201782,
    0.6433199048042297,
    0.7849434018135071,
    0.6433201432228088,
    0.6403087973594666,
    0.6189659237861633,
    0.7553820013999939,
    0.5284081697463989,
    0.669082760810852,
    0.7239305973052979,
    0.6334016919136047,
    0.659515917301178,
    0.6610621809959412,
    0.6659526824951172,
    0.7024629712104797,
    0.7161343097686768,
    0.785169243812561,
    0.6933002471923828,
    0.6591230630874634,
    0.7790766358375549,
    0.676054060459137,
    0.9661875367164612,
    0.5179871320724487,
    0.789749264717102,
    0.6249486804008484,
    0.6273049712181091,
    0.7341595888137817,
    0.9151394963264465,
    0.7026345729827881,
    0.6981205344200134,
    0.6925256848335266,
    0.4184046685695648,
    0.7628950476646423,
    0.6538544297218323,
    0.7750768661499023,
    0.7029366493225098,
    0.6244536638259888,
    0.7661490440368652,
    0.7891560792922974,
    0.5805994272232056,
    0.6941139101982117,
    0.7189415097236633,
    0.7071789503097534,
    0.5410637855529785,
    0.7186779975891113,
    0.5630330443382263,
    0.7202887535095215,
    0.7237389087677002,
    0.7372649312019348,
    0.6744655966758728,
    0.6695306301116943,
    0.6668213605880737,
    0.7033034563064575,
    0.4372691214084625,
    0.6641255617141724,
    0.61287921667099,
    0.6973041892051697,
    0.7273863554000854,
    0.6256126165390015,
    0.6881632804870605,
    0.7477214336395264,
    0.7043771147727966,
    0.6470803618431091,
    0.7043771147727966,
    0.7651531100273132,
    0.6425781846046448,
    0.6310117840766907,
    0.6900345087051392,
    0.6713451147079468,
    0.5301952362060547,
    0.48655593395233154,
    0.6524365544319153,
    0.7199016213417053,
    0.6778720021247864,
    0.6065741777420044,
    0.7774568200111389,
    0.6929188966751099,
    0.7375709414482117,
    0.7682787179946899,
    0.8374044895172119,
    0.613095223903656,
    0.70332932472229,
    0.7957237958908081,
    0.6481390595436096,
    0.6577865481376648,
    0.7357421517372131,
    0.7447872757911682,
    0.6823344826698303,
    0.6897777318954468,
    0.7623775601387024,
    0.43788260221481323,
    0.6405617594718933,
    0.6541967988014221,
    0.6193246245384216,
    0.68963623046875,
    0.773899257183075,
    0.7535039186477661,
    0.7778554558753967,
    0.6597443222999573,
    0.8239359259605408,
    0.765350341796875,
    0.6730794310569763,
    0.719770073890686,
    0.7496373057365417,
    0.7169458866119385,
    0.4425588846206665,
    0.6824195981025696,
    0.698409914970398,
    0.8485345840454102,
    0.8094913363456726,
    0.7336360216140747,
    0.7070416808128357,
    0.6860617399215698,
    0.6823344826698303,
    0.7607913017272949,
    0.6659005284309387,
    0.4338720440864563,
    0.7156274318695068,
    0.759627640247345,
    0.7526158690452576,
    0.619182825088501,
    0.7281332612037659,
    0.6507253646850586,
    0.6728308200836182,
    0.7143324613571167,
    0.7553820013999939,
    0.6202234029769897,
    0.7490251064300537,
    0.6999236941337585,
    0.7232335209846497,
    0.7405190467834473,
    0.8040029406547546,
    0.719377875328064,
    0.707491934299469,
    0.8016313910484314,
    1.0,
    0.49915894865989685,
    0.671424150466919,
    0.7623775601387024,
    0.6011772751808167,
    0.7142066359519958,
    0.6601974368095398,
    0.7079715728759766,
    0.6247852444648743,
    0.7618635296821594,
    0.6539728045463562,
    0.6878223419189453,
    0.6877154111862183,
    0.45486682653427124,
    0.7580346465110779,
    0.6632514595985413,
    0.6750875115394592,
    0.6672245264053345,
    0.6711800694465637,
    0.7633468508720398,
    0.6830554604530334,
    0.7458143830299377,
    0.700039803981781,
    0.6317028999328613,
    0.7186563014984131,
    0.6344089508056641,
    0.4183598458766937,
    0.5701248049736023,
    0.7173759937286377,
    0.4639264643192291,
    0.6930181384086609,
    0.6849539875984192,
    0.7372727394104004,
    0.6620586514472961,
    0.6494467854499817,
    0.6689368486404419,
    0.7560592293739319,
    0.6911266446113586,
    0.6664741039276123,
    0.6803058981895447,
    0.6209695935249329,
    0.6945539116859436,
    0.4367838501930237,
    0.8275774121284485,
    0.7360092997550964,
    0.7108396291732788,
    0.7100141644477844,
    0.6111196875572205,
    0.731907308101654,
    0.725801408290863,
    0.6830145716667175,
    0.7682787179946899,
    0.8038437366485596,
    0.6442030668258667,
    0.8033444881439209,
    0.7408320903778076,
    0.7068983912467957,
    0.7197465896606445,
    0.8073127865791321,
    0.7029525637626648,
    0.7974411845207214,
    0.5888722538948059,
    0.6750875115394592,
    0.7666502594947815,
    0.46325111389160156,
    0.7259471416473389,
    0.780150294303894,
    0.7086547017097473,
    0.6805299520492554,
    0.8203186988830566,
    0.6788282990455627,
    0.7611175775527954,
    0.7064936757087708,
    0.7553820013999939,
    0.7353547215461731,
    0.805285632610321,
    0.6113601326942444,
    0.6968544125556946,
    0.7734057903289795,
    0.7775217890739441,
    0.7366217374801636,
    0.7607913017272949,
    0.4851562976837158,
    0.7208858728408813,
    0.8249562382698059,
    0.6696455478668213,
    0.7265114784240723,
    0.7608051896095276,
    0.7081153988838196,
    0.5592960715293884,
    0.6768285036087036,
    0.7374496459960938,
    0.7174556851387024,
    0.7632898688316345,
    0.6889873147010803,
    0.6750875115394592,
    0.6981205344200134,
    0.7608051896095276,
    0.8325172662734985,
    0.9151394963264465,
    0.7591637372970581,
    0.6456987261772156,
    0.6613916158676147,
    0.690308690071106,
    0.7573253512382507,
    0.7533905506134033,
    0.7577013969421387,
    0.7270724773406982,
    0.6571587920188904,
    0.7140371799468994,
    0.7682787179946899,
    0.4001131057739258,
    0.7239305973052979,
    0.6857978105545044,
    0.6560260057449341,
    0.7283776998519897,
    0.7481395602226257,
    0.6626132130622864,
    0.7930532097816467,
    0.6170585751533508,
    0.8254708647727966,
    0.7457830905914307,
    0.6809881925582886,
    0.8204051852226257,
    0.6352363228797913,
    0.47446441650390625,
    0.788654625415802,
    0.6486838459968567,
    0.6750875115394592,
