{
  "variant": "rag_assoc_combined_weighted_v4",
  "bertscore_f1": 0.7018895745277405,
  "chexbert_micro_f1": 0.2694394213381555,
  "chexbert_macro_f1": 0.10374204621474181,
  "bleu4": 0.13519105387897817,
  "rouge_l": 0.28419862114704153,
  "per_label_f1": {
    "Enlarged Cardiomediastinum": 0.12727272727272726,
    "Cardiomegaly": 0.17391304347826086,
    "Lung Opacity": 0.10256410256410256,
    "Lung Lesion": 0.058823529411764705,
    "Edema": 0.0,
    "Consolidation": 0.0,
    "Pneumonia": 0.0,
    "Atelectasis": 0.03125,
    "Pneumothorax": 0.0,
    "Pleural Effusion": 0.0,
    "Pleural Other": 0.0,
    "Fracture": 0.06060606060606061,
    "Support Devices": 0.4489795918367347,
    "No Finding": 0.4489795918367347
  },
  "bertscore_per_study": [
    0.570511519908905,
    0.7361904382705688,
    0.7688835263252258,
    0.7057475447654724,
    0.7084423899650574,
    0.6341173052787781,
    0.8557538390159607,
    0.7632783055305481,
    0.6846189498901367,
    0.6939927935600281,
    0.6669692993164062,
    0.6857752203941345,
    0.6657335162162781,
    0.7497051954269409,
    0.608069896697998,
    0.6617217063903809,
    0.7207446694374084,
    0.6955768465995789,
    0.6403384804725647,
    0.686253011226654,
    0.6856206655502319,
    0.7195228338241577,
    0.7469226121902466,
    0.7435401678085327,
    0.6839936971664429,
    0.8147307634353638,
    0.6803967356681824,
    0.6619965434074402,
    0.7676708102226257,
    0.6661794185638428,
    0.7458228468894958,
    0.6733637452125549,
    0.6589600443840027,
    0.933681070804596,
    0.646560788154602,
    0.7922937273979187,
    0.7640666365623474,
    0.5874406099319458,
    0.7990720868110657,
    0.6601008176803589,
    0.7889537215232849,
    0.5969910621643066,
    0.7166830897331238,
    0.6956804394721985,
    0.6610366106033325,
    0.5982077717781067,
    0.7555806636810303,
    0.6768247485160828,
    0.658637523651123,
    0.7352328300476074,
    0.6141676306724548,
    0.6674456596374512,
    0.6983307600021362,
    0.6305251121520996,
    0.7486515641212463,
    0.6619075536727905,
    0.7512915134429932,
    0.6933002471923828,
    0.8290011286735535,
    0.7089326977729797,
    0.7775266170501709,
    0.6552475094795227,
    0.8200647234916687,
    0.7010058760643005,
    0.7033894658088684,
    0.6592597365379333,
    0.790367603302002,
    0.7387698292732239,
    0.5983831882476807,
    0.7549794912338257,
    0.7056962251663208,
    0.6137568354606628,
    0.7015439867973328,
    0.5579972863197327,
    0.6921567916870117,
    0.7091343998908997,
    0.6644547581672668,
    0.7275911569595337,
    0.73011714220047,
    0.5971330404281616,
    0.662322998046875,
    0.7432922720909119,
    0.7823203802108765,
    0.6314390897750854,
    0.6612460017204285,
    0.6749498844146729,
    0.7610012888908386,
    0.6279292702674866,
    0.7498719096183777,
    0.6939857006072998,
    0.7304068803787231,
    0.6913669109344482,
    0.933681070804596,
    0.7329254150390625,
    0.6465418934822083,
    0.6507039070129395,
    0.7430745959281921,
    0.664193868637085,
    0.5733947157859802,
    0.6303848624229431,
    0.7714976072311401,
    0.7852734923362732,
    0.7325339317321777,
    0.7253935933113098,
    0.7185349464416504,
    0.6902902722358704,
    0.6431872844696045,
    0.7496857047080994,
    0.6030145287513733,
    0.7419677972793579,
    0.7694195508956909,
    0.6460123658180237,
    0.6922812461853027,
    0.7205811142921448,
    0.4297151267528534,
    0.7307306528091431,
    0.7040824294090271,
    0.7432922720909119,
    0.6552475094795227,
    0.7290769815444946,
    0.6656331419944763,
    0.6712691187858582,
    0.8617057800292969,
    0.6751678586006165,
    0.7062341570854187,
    0.7554783225059509,
    0.700507402420044,
    0.6250976920127869,
    0.754092812538147,
    0.7437894344329834,
    0.7216333746910095,
    0.6988505125045776,
    0.6676414608955383,
    0.6611267924308777,
    0.7286050319671631,
    0.7012987732887268,
    0.739395022392273,
    0.7797213196754456,
    0.7007628083229065,
    0.7012987732887268,
    0.7681912779808044,
    0.7486683130264282,
    0.7720624804496765,
    0.6826307773590088,
    0.684352695941925,
    0.697161078453064,
    0.5857693552970886,
    0.7144660949707031,
    0.7358400821685791,
    0.7384328246116638,
    0.7670618891716003,
    0.7256125211715698,
    0.7420468926429749,
    0.6766606569290161,
    0.78914874792099,
    0.6758986711502075,
    0.5987374782562256,
    0.6681477427482605,
    0.8407318592071533,
    0.7523784041404724,
    0.5938495993614197,
    0.7229289412498474,
    0.6843346953392029,
    0.6707285046577454,
    0.6610569953918457,
    0.6601008176803589,
    0.6523563265800476,
    0.7328675985336304,
    0.6470150947570801,
    0.6789271235466003,
    0.967793345451355,
    0.7347318530082703,
    0.7495619058609009,
    0.7606291770935059,
    0.7096039652824402,
    0.7169408202171326,
    0.6801959872245789,
    0.6497939825057983,
    0.6506769061088562,
    0.6858960390090942,
    0.7542989253997803,
    0.6953336596488953,
    0.7192422151565552,
    0.7196019887924194,
    0.6864106059074402,
    0.6676076650619507,
    0.7611650824546814,
    0.6664953231811523,
    0.7074454426765442,
    0.7520573139190674,
    0.8177886605262756,
    0.5547021627426147,
    0.6969184875488281,
    0.6580525040626526,
    0.7883727550506592,
    0.5200381278991699,
    0.6628320813179016,
    0.65484619140625,
    0.6273623704910278,
    0.7549794912338257,
    0.6810269951820374,
    0.6039849519729614,
    0.6501390337944031,
    0.6935164928436279,
    0.7063261866569519,
    0.7153124809265137,
    0.7416215538978577,
    0.782075047492981,
    0.6726085543632507,
    0.7265111804008484,
    0.7276535034179688,
    0.418992280960083,
    0.7209705710411072,
    0.6875911951065063,
    0.6874287724494934,
    0.6069188117980957,
    0.7964613437652588,
    0.5845110416412354,
    0.7194264531135559,
    0.7182410955429077,
    0.6629500985145569,
    0.7409114837646484,
    0.639556348323822,
    0.7367595434188843,
    0.6534964442253113,
    0.6830146312713623,
    0.6552475094795227,
    0.6506769061088562,
    0.6748021841049194,
    0.7317565679550171,
    0.6176866888999939,
    0.8519828915596008,
    0.7150700092315674,
    0.7413026094436646,
    0.6449675559997559,
    0.7897086143493652,
    0.5932771563529968,
    0.6477046012878418,
    0.7809668779373169,
    0.6670153737068176,
    0.7005716562271118,
    0.7549159526824951,
    0.7053528428077698,
    0.7459394931793213,
    0.7432922720909119,
    0.6977956295013428,
    0.723374605178833,
    0.6277579069137573,
    0.9609980583190918,
    0.6831942796707153,
    0.7916926145553589,
    0.6244257688522339,
    0.6846038699150085,
    0.7584515810012817,
    0.6756607294082642,
    0.6699510216712952,
    0.7608616352081299,
    0.8087761998176575,
    0.6994683742523193,
    0.7852702736854553,
    0.6550125479698181,
    0.7442473769187927,
    0.7859471440315247,
    0.7077802419662476,
    0.6315245032310486,
    0.6833933591842651,
    0.6332796216011047,
    0.7174628376960754,
    0.7683216333389282,
    0.7197880744934082,
    0.5901138782501221,
    0.6713663935661316,
    0.6915236115455627,
    0.7541544437408447,
    1.0000001192092896,
    0.7102588415145874,
    0.6012963056564331,
    0.7033961415290833,
    0.9958735108375549,
    0.5973016619682312,
    0.7409791350364685,
    0.7381100058555603,
    0.6982212662696838,
    0.7452804446220398,
    0.6650263667106628,
    0.6912968158721924,
    0.6850857138633728,
    0.6999466419219971,
    0.6948887705802917,
    0.7202007174491882,
    0.6261836886405945,
    0.7681722044944763,
    0.8401454091072083,
    0.726637601852417,
    0.6069390773773193,
    0.8464274406433105,
    0.7783887386322021,
    0.7265920639038086,
    0.7695214748382568,
    0.5958051681518555,
    0.7002723217010498,
    0.749375581741333,
