{
  "variant": "rag_assoc_combined_uniform_v3",
  "bertscore_f1": 0.7032995223999023,
  "chexbert_micro_f1": 0.2567441860465116,
  "chexbert_macro_f1": 0.09544193765884999,
  "bleu4": 0.1336654867752146,
  "rouge_l": 0.286984663398567,
  "per_label_f1": {
    "Enlarged Cardiomediastinum": 0.16,
    "Cardiomegaly": 0.1897810218978102,
    "Lung Opacity": 0.11864406779661017,
    "Lung Lesion": 0.05555555555555555,
    "Edema": 0.0,
    "Consolidation": 0.0,
    "Pneumonia": 0.0,
    "Atelectasis": 0.0,
    "Pneumothorax": 0.0,
    "Pleural Effusion": 0.0,
    "Pleural Other": 0.0,
    "Fracture": 0.06666666666666667,
    "Support Devices": 0.32558139534883723,
    "No Finding": 0.41995841995842
  },
  "bertscore_per_study": [
    0.6314921379089355,
    0.7361904382705688,
    0.7260537147521973,
    0.6935386657714844,
    0.7084423303604126,
    0.6681801676750183,
    0.845829427242279,
    0.7215757966041565,
    0.6846189498901367,
    0.6939927935600281,
    0.6832221746444702,
    0.6830868721008301,
    0.6657335162162781,
    0.7497053146362305,
    0.6126870512962341,
    0.6506670713424683,
    0.7207446694374084,
    0.6955768465995789,
    0.6403384804725647,
    0.686253011226654,
    0.6637469530105591,
    0.7418794631958008,
    0.7618505358695984,
    0.7231334447860718,
    0.6839936971664429,
    0.8053614497184753,
    0.6803967356681824,
    0.6681717038154602,
    0.7638208866119385,
    0.6661794185638428,
    0.7458228468894958,
    0.6733637452125549,
    0.6576026678085327,
    0.933681070804596,
    0.646560788154602,
    0.7452548742294312,
    0.7639173269271851,
    0.587440550327301,
    0.7990722060203552,
    0.6601008176803589,
    0.6923203468322754,
    0.5908174514770508,
    0.7276753783226013,
    0.6956804394721985,
    0.6610366106033325,
    0.5982077717781067,
    0.7054010629653931,
    0.6768247485160828,
    0.658637523651123,
    0.7352328300476074,
    0.6202395558357239,
    0.6123763918876648,
    0.6812470555305481,
    0.6137679815292358,
    0.7486515641212463,
    0.6619075536727905,
    0.7512913942337036,
    0.6933003067970276,
    0.7886725068092346,
    0.7089327573776245,
    0.7775265574455261,
    0.6552475094795227,
    0.8200646042823792,
    0.7010058760643005,
    0.7033894658088684,
    0.6592597365379333,
    0.7903676629066467,
    0.7387698292732239,
    0.5983831882476807,
    0.7450025081634521,
    0.7056962251663208,
    0.6137568354606628,
    0.7015439867973328,
    0.5579973459243774,
    0.6896176338195801,
    0.7091343998908997,
    0.6644547581672668,
    0.7275911569595337,
    0.7432176470756531,
    0.5971330404281616,
    0.6941139698028564,
    0.7432922720909119,
    0.7914353013038635,
    0.6677491664886475,
    0.6665634512901306,
    0.6749498844146729,
    0.7610012888908386,
    0.6279292702674866,
    0.738552451133728,
    0.6390967965126038,
    0.7321843504905701,
    0.6913669109344482,
    0.933681070804596,
    0.7330402731895447,
    0.6465418934822083,
    0.6507039070129395,
    0.7430745959281921,
    0.6995838284492493,
    0.5733947157859802,
    0.6303849220275879,
    0.7840791344642639,
    0.776308000087738,
    0.732533872127533,
    0.7253935933113098,
    0.6721296310424805,
    0.6923766732215881,
    0.6431872844696045,
    0.7496857047080994,
    0.6500860452651978,
    0.7284722924232483,
    0.7694194316864014,
    0.6460124254226685,
    0.6922813057899475,
    0.7311132550239563,
    0.5960081219673157,
    0.7477636933326721,
    0.7040824294090271,
    0.7432922720909119,
    0.6552475094795227,
    0.7290769815444946,
    0.6601995825767517,
    0.6904719471931458,
    0.7642003297805786,
    0.6751678586006165,
    0.7062340378761292,
    0.7554783225059509,
    0.700507402420044,
    0.7100224494934082,
    0.7540926933288574,
    0.7437894344329834,
    0.7441532611846924,
    0.6988505125045776,
    0.6505765914916992,
    0.6683134436607361,
    0.7286050915718079,
    0.7012987732887268,
    0.7393948435783386,
    0.7572064399719238,
    0.7228342890739441,
    0.7012987732887268,
    0.7638492584228516,
    0.7486683130264282,
    0.6933769583702087,
    0.6826307773590088,
    0.7154151201248169,
    0.6971609592437744,
    0.5755598545074463,
    0.7122008204460144,
    0.7358400225639343,
    0.7289221286773682,
    0.7670618891716003,
    0.7256125807762146,
    0.70317143201828,
    0.6436464190483093,
    0.7891488075256348,
    0.6758987307548523,
    0.6002245545387268,
    0.7046435475349426,
    0.774026095867157,
    0.7738205194473267,
    0.5877366662025452,
    0.722516655921936,
    0.6810302138328552,
    0.6707285046577454,
    0.6610569953918457,
    0.6601008176803589,
    0.6405691504478455,
    0.7328675985336304,
    0.6470150947570801,
    0.6789271831512451,
    0.951707124710083,
    0.7347317934036255,
    0.7495619058609009,
    0.7606291770935059,
    0.7096039652824402,
    0.69871586561203,
    0.6801959872245789,
    0.6497939825057983,
    0.6506769061088562,
    0.6749709844589233,
    0.7542989253997803,
    0.6953336596488953,
    0.7409275770187378,
    0.7196019887924194,
    0.6864106059074402,
    0.6676076650619507,
    0.7548719644546509,
    0.6814815998077393,
    0.7074454426765442,
    0.72735595703125,
    0.8177887201309204,
    0.5547021627426147,
    0.6969184875488281,
    0.6580525040626526,
    0.7526171803474426,
    0.699782133102417,
    0.6628320813179016,
    0.65484619140625,
    0.6273623108863831,
    0.7644672393798828,
    0.6548657417297363,
    0.6039850115776062,
    0.6501389741897583,
    0.6989016532897949,
    0.7063261866569519,
    0.72647625207901,
    0.7416214346885681,
    0.782075047492981,
    0.6726085543632507,
    0.7265111804008484,
    0.727653443813324,
    0.715067446231842,
    0.7193676829338074,
    0.6632179617881775,
    0.6874287128448486,
    0.6069187521934509,
    0.7964615225791931,
    0.5845111012458801,
    0.8081039786338806,
    0.7170761823654175,
    0.6629501581192017,
    0.7409114837646484,
    0.6395562291145325,
    0.7367597222328186,
    0.7016698718070984,
    0.6830146312713623,
    0.6552475094795227,
    0.6506769061088562,
    0.6733080744743347,
    0.7547124028205872,
    0.6176866888999939,
    0.8519828915596008,
    0.7150699496269226,
    0.7413026094436646,
    0.6857563257217407,
    0.7897086143493652,
    0.6162711381912231,
    0.608069896697998,
    0.7809668779373169,
    0.6670153141021729,
    0.700571596622467,
    0.7549158930778503,
    0.7053528428077698,
    0.7459393739700317,
    0.7432922720909119,
    0.6977956295013428,
    0.723374605178833,
    0.7619876861572266,
    0.9460294842720032,
    0.7354835271835327,
    0.805285632610321,
    0.6244258284568787,
    0.7518649697303772,
    0.7189772129058838,
    0.6607165932655334,
    0.667915403842926,
    0.7608616948127747,
    0.7066463828086853,
    0.6890305280685425,
    0.8064225316047668,
    0.6550125479698181,
    0.7442473769187927,
    0.785947322845459,
    0.7077802419662476,
    0.6315245032310486,
    0.6833933591842651,
    0.6515141725540161,
    0.7121103405952454,
    0.7683216333389282,
    0.7197880744934082,
    0.5901138186454773,
    0.6885859370231628,
    0.691523551940918,
    0.8306115865707397,
    0.9528318643569946,
    0.7102587819099426,
    0.883603572845459,
    0.7539063692092896,
    0.9958735704421997,
    0.7683465480804443,
    0.6899511218070984,
    0.7381098866462708,
    0.6869467496871948,
    0.7452804446220398,
    0.6640386581420898,
    0.6912966966629028,
    0.6995865702629089,
    0.6999466419219971,
    0.6948887705802917,
    0.6499583125114441,
    0.6261836886405945,
    0.7681722044944763,
    0.840145468711853,
    0.7025018334388733,
    0.5960968136787415,
    0.7762221097946167,
    0.7783887386322021,
    0.7448809146881104,
    0.7695214748382568,
    0.6426539421081543,
    0.6973490715026855,
    0.7493756413459778,
    0.6584216356277466,
    0.5865023732185364,
