{
  "variant": "nohint_weighted_v4",
  "bertscore_f1": 0.6876079440116882,
  "chexbert_micro_f1": 0.45264847512038525,
  "chexbert_macro_f1": 0.15805532502236128,
  "bleu4": 0.10755556945173081,
  "rouge_l": 0.27201789986578095,
  "per_label_f1": {
    "Enlarged Cardiomediastinum": 0.11320754716981132,
    "Cardiomegaly": 0.5373134328358209,
    "Lung Opacity": 0.13636363636363635,
    "Lung Lesion": 0.15384615384615385,
    "Edema": 0.0,
    "Consolidation": 0.0,
    "Pneumonia": 0.0,
    "Atelectasis": 0.09302325581395349,
    "Pneumothorax": 0.0,
    "Pleural Effusion": 0.21052631578947367,
    "Pleural Other": 0.0,
    "Fracture": 0.0,
    "Support Devices": 0.35135135135135137,
    "No Finding": 0.6171428571428571
  },
  "bertscore_per_study": [
    0.7075023055076599,
    0.632639467716217,
    0.7336718440055847,
    0.7043771147727966,
    0.7289749383926392,
    0.6221984028816223,
    0.6550332903862,
    0.7224372029304504,
    0.6802069544792175,
    0.7501088976860046,
    0.7922306656837463,
    0.6875678300857544,
    0.6863309741020203,
    0.7736454606056213,
    0.6678304672241211,
    0.5781840085983276,
    0.7861219048500061,
    0.6283786296844482,
    0.6715040802955627,
    0.7195447683334351,
    0.6803122162818909,
    0.7177274823188782,
    0.7185143828392029,
    0.683340847492218,
    0.6725770235061646,
    0.7509768605232239,
    0.6551830172538757,
    0.7473850846290588,
    0.7676708698272705,
    0.6874361038208008,
    0.6440927982330322,
    0.6610369682312012,
    0.6711206436157227,
    0.7094560861587524,
    0.6430292129516602,
    0.7870166301727295,
    0.757120668888092,
    0.6680440902709961,
    0.9999999403953552,
    0.678757905960083,
    0.6898521184921265,
    0.6546720862388611,
    0.7789873480796814,
    0.6456001400947571,
    0.6878430843353271,
    0.6135455369949341,
    0.758979856967926,
    0.6456694602966309,
    0.6687994003295898,
    0.7196118235588074,
    0.6268865466117859,
    0.6457436680793762,
    0.6790094375610352,
    0.5778955221176147,
    0.7073947787284851,
    0.7161343097686768,
    0.8493154644966125,
    0.6893820762634277,
    0.786499559879303,
    0.6600435376167297,
    0.49003925919532776,
    0.9999999403953552,
    0.7091273665428162,
    0.7074412107467651,
    0.6249486804008484,
    0.5025716423988342,
    0.6176220178604126,
    0.8136051297187805,
    0.6445825099945068,
    0.7549794912338257,
    0.602077066898346,
    0.4665517807006836,
    0.7203453183174133,
    0.6056848764419556,
    0.7211859822273254,
    0.633800745010376,
    0.6581459641456604,
    0.7304715514183044,
    0.7620142102241516,
    0.5729854106903076,
    0.6623230576515198,
    0.8293344378471375,
    0.7071789503097534,
    0.5410637855529785,
    0.7186780571937561,
    0.5630331039428711,
    0.7224372029304504,
    0.698625922203064,
    0.7664076089859009,
    0.5829682946205139,
    0.679701030254364,
    0.7132764458656311,
    0.6903086304664612,
    0.7074273228645325,
    0.6641255617141724,
    0.7008140683174133,
    0.6973042488098145,
    0.7311516404151917,
    0.583045482635498,
    0.6657492518424988,
    0.7435653209686279,
    0.7043771147727966,
    0.5399612784385681,
    0.7043771147727966,
    0.792639970779419,
    0.6425782442092896,
    0.6301707029342651,
    0.6900345683097839,
    0.6713451147079468,
    0.5901393294334412,
    0.7103327512741089,
    0.6592591404914856,
    0.7199017405509949,
    0.7164458632469177,
    0.38239824771881104,
    0.7962363958358765,
    0.7023255228996277,
    0.7195025682449341,
    0.9999999403953552,
    0.7036665678024292,
    0.6601995825767517,
    0.7676708698272705,
    0.6958118677139282,
    0.6443193554878235,
    0.6680626273155212,
    0.7357421517372131,
    0.6471636891365051,
    0.6823344826698303,
    0.6972964406013489,
    0.7623776197433472,
    0.7216333746910095,
    0.6968128085136414,
    0.6408000588417053,
    0.6713225245475769,
    0.692802369594574,
    0.773899257183075,
    0.7535039186477661,
    0.7165564894676208,
    0.6819056272506714,
    0.7951453328132629,
    0.7062362432479858,
    0.7288774847984314,
    0.7500752210617065,
    0.7227439880371094,
    0.46480876207351685,
    0.6326802372932434,
    0.5460600852966309,
    0.7015069723129272,
    0.7358400821685791,
    0.8115401864051819,
    0.7457823753356934,
    0.7117219567298889,
    0.6943995356559753,
    0.6823344826698303,
    0.779637336730957,
    0.7035332322120667,
    0.683481752872467,
    0.7156272530555725,
    0.7596276998519897,
    0.7300315499305725,
    0.5960648059844971,
    0.717576265335083,
    0.6754250526428223,
    0.6763156056404114,
    0.7130182385444641,
    0.7553820013999939,
    0.6202232837677002,
    0.6325492262840271,
    0.6889705061912537,
    0.7232334613800049,
    0.7017049193382263,
    0.7859472632408142,
    0.6786314249038696,
    0.7156798839569092,
    0.7491655349731445,
    0.9999999403953552,
    0.652145504951477,
    0.673866331577301,
    0.7623776197433472,
    0.7002296447753906,
    0.6747803092002869,
    0.7454409003257751,
    0.7326768636703491,
    0.6247851848602295,
    0.7754741311073303,
    0.6462448835372925,
    0.6861213445663452,
    0.7028878927230835,
    0.6833252310752869,
    0.7998413443565369,
    0.6632515788078308,
    0.6823344826698303,
    0.6672245264053345,
    0.6842204928398132,
    0.7633468508720398,
    0.5200381278991699,
    0.7679784893989563,
    0.6972335577011108,
    0.6317028999328613,
    0.7186563014984131,
    0.6492633819580078,
    0.46804869174957275,
    0.4621747136116028,
    0.6689867377281189,
    0.4042917788028717,
    0.7553915977478027,
    0.6849539875984192,
    0.6762571334838867,
    0.6366681456565857,
    0.6494468450546265,
    0.6728553771972656,
    0.7560592889785767,
    0.6911265254020691,
    0.7293829917907715,
    0.710282564163208,
    0.6581096649169922,
    0.6945539116859436,
    0.4367840588092804,
    0.7447783350944519,
    0.7196109890937805,
    0.4828944802284241,
    0.7100140452384949,
    0.6101303696632385,
    0.6941544413566589,
    0.6636859178543091,
    0.6830146312713623,
    0.9999999403953552,
    0.7623776197433472,
    0.6044602990150452,
    0.773060142993927,
    0.7555282711982727,
    0.7066088914871216,
    0.7349226474761963,
    0.818232536315918,
    0.7029525637626648,
    0.7237390279769897,
    0.6145807504653931,
    0.6823344826698303,
    0.6394055485725403,
    0.5826337337493896,
    0.7401871085166931,
    0.450458824634552,
    0.7100018262863159,
    0.6805611252784729,
    0.7195025682449341,
    0.6393619775772095,
    0.7639886736869812,
    0.7416187524795532,
    0.7350226044654846,
    0.5945912003517151,
    0.7916926145553589,
    0.4502795934677124,
    0.6968544125556946,
    0.7771628499031067,
    0.7649714350700378,
    0.7399705052375793,
    0.779637336730957,
    0.7089326977729797,
    0.708705484867096,
    0.689640462398529,
    0.671848714351654,
    0.6682716012001038,
    0.9999999403953552,
    0.6388605237007141,
    0.6225988268852234,
    0.6849759817123413,
    0.41933685541152954,
    0.6915214657783508,
    0.7700851559638977,
    0.6924805641174316,
    0.6100386381149292,
    0.7549794912338257,
    0.9999999403953552,
    0.7288774847984314,
    0.7224372029304504,
    0.7590783834457397,
    0.6456987261772156,
    0.6565671563148499,
    0.6903086304664612,
    0.7195008397102356,
    0.7447870969772339,
    0.7334399819374084,
    0.7070498466491699,
    0.6096958518028259,
    0.6650263071060181,
    0.7466363310813904,
    0.6806745529174805,
    0.7196118235588074,
    0.7424778938293457,
    0.6937653422355652,
    0.7283778190612793,
    0.7382623553276062,
    0.6626132726669312,
    0.765394926071167,
    0.6069390773773193,
    0.8111913204193115,
    0.7347557544708252,
    0.7156273126602173,
    0.7695214152336121,
    0.6380969285964966,
    0.4122781753540039,
    0.7910714745521545,
