{
  "variant": "weighted_v4",
  "bertscore_f1": 0.6783859133720398,
  "chexbert_micro_f1": 0.44229217110573044,
  "chexbert_macro_f1": 0.1785710267966542,
  "bleu4": 0.08292660074114527,
  "rouge_l": 0.27401401131852215,
  "per_label_f1": {
    "Enlarged Cardiomediastinum": 0.04,
    "Cardiomegaly": 0.5263157894736842,
    "Lung Opacity": 0.11494252873563218,
    "Lung Lesion": 0.0625,
    "Edema": 0.0,
    "Consolidation": 0.0,
    "Pneumonia": 0.2222222222222222,
    "Atelectasis": 0.13953488372093023,
    "Pneumothorax": 0.0,
    "Pleural Effusion": 0.3111111111111111,
    "Pleural Other": 0.0,
    "Fracture": 0.14492753623188406,
    "Support Devices": 0.3111111111111111,
    "No Finding": 0.6273291925465838
  },
  "bertscore_per_study": [
    0.7075023651123047,
    0.7403196096420288,
    0.7554827928543091,
    0.7043771743774414,
    0.7289749383926392,
    0.6221991777420044,
    0.7264580726623535,
    0.7799710631370544,
    0.6802069544792175,
    0.6903086304664612,
    0.7922306656837463,
    0.6875678300857544,
    0.6691755056381226,
    0.7941786646842957,
    0.4096235930919647,
    0.7155192494392395,
    0.7861219048500061,
    0.6741582155227661,
    0.6715040802955627,
    0.7044293284416199,
    0.6962040066719055,
    0.7177274823188782,
    0.7185143828392029,
    0.7372636198997498,
    0.6702975034713745,
    0.7650967240333557,
    0.6551830172538757,
    0.7473850846290588,
    0.700718879699707,
    0.6554024815559387,
    0.644092857837677,
    0.6536504626274109,
    0.48867538571357727,
    0.4159908592700958,
    0.6430292129516602,
    0.7651934027671814,
    0.757120668888092,
    0.6766974925994873,
    0.9999999403953552,
    0.678757905960083,
    0.7017916440963745,
    0.6546722054481506,
    0.6900344491004944,
    0.6711559891700745,
    0.6933358311653137,
    0.6135455369949341,
    0.758979856967926,
    0.7244957685470581,
    0.6687994003295898,
    0.7196118235588074,
    0.6174347996711731,
    0.4719730317592621,
    0.6790094375610352,
    0.6715472340583801,
    0.7707273960113525,
    0.7161343097686768,
    0.8988795876502991,
    0.6893820762634277,
    0.7864996194839478,
    0.7790766358375549,
    0.5056887269020081,
    0.8081645369529724,
    0.5850462317466736,
    0.7780958414077759,
    0.7356016635894775,
    0.6527014970779419,
    0.6692162156105042,
    0.898919939994812,
    0.6445825099945068,
    0.7549793124198914,
    0.6845290064811707,
    0.6035122275352478,
    0.7839627265930176,
    0.5842543840408325,
    0.7938010096549988,
    0.7029366493225098,
    0.45703181624412537,
    0.7691009640693665,
    0.7891560196876526,
    0.5834852457046509,
    0.6701624393463135,
    0.8171463012695312,
    0.8174527287483215,
    0.6232365965843201,
    0.7833567261695862,
    0.6345952153205872,
    0.7224372625350952,
    0.7237390279769897,
    0.7664074897766113,
    0.6547333598136902,
    0.6884473562240601,
    0.480512797832489,
    0.740876317024231,
    0.7538906335830688,
    0.6641255617141724,
    0.6621008515357971,
    0.6973042488098145,
    0.4766598343849182,
    0.5830455422401428,
    0.48943427205085754,
    0.7061694860458374,
    0.7043771147727966,
    0.6542556285858154,
    0.7586994767189026,
    0.792639970779419,
    0.737256646156311,
    0.6301707029342651,
    0.749381422996521,
    0.6713451147079468,
    0.5882481336593628,
    0.7103327512741089,
    0.6592591404914856,
    0.7647729516029358,
    0.408049076795578,
    0.6116471290588379,
    0.7962363958358765,
    0.7041609883308411,
    0.7195025682449341,
    0.9999999403953552,
    0.7036665678024292,
    0.6437209248542786,
    0.7676709890365601,
    0.779270589351654,
    0.6443192362785339,
    0.647773027420044,
    0.7357421517372131,
    0.46164435148239136,
    0.6678304076194763,
    0.6972965002059937,
    0.7623776197433472,
    0.6584692597389221,
    0.6968128681182861,
    0.6628561615943909,
    0.5161380767822266,
    0.692802369594574,
    0.8345047831535339,
    0.7541542053222656,
    0.7778554558753967,
    0.7046385407447815,
    0.7592996954917908,
    0.7062362432479858,
    0.7288774847984314,
    0.7500751614570618,
    0.709365725517273,
    0.45503026247024536,
    0.6792953610420227,
    0.5516542792320251,
    0.7122008204460144,
    0.7358400821685791,
    0.8115401864051819,
    0.7457823753356934,
    0.7070416808128357,
    0.6975582242012024,
    0.6823344826698303,
    0.779637336730957,
    0.6536016464233398,
    0.5221788883209229,
    0.7156272530555725,
    0.7596276998519897,
    0.7300315499305725,
    0.5127546787261963,
    0.4271821081638336,
    0.5164660811424255,
    0.6463204622268677,
    0.7130182981491089,
    0.7553820013999939,
    0.451433390378952,
    0.6908560395240784,
    0.7409924268722534,
    0.7232334613800049,
    0.7514983415603638,
    0.7859472632408142,
    0.7616275548934937,
    0.7100139856338501,
    0.8016313910484314,
    0.9999999403953552,
    0.6521455645561218,
    0.4780372083187103,
    0.7623776197433472,
    0.6686634421348572,
    0.7117781639099121,
    0.7454410195350647,
    0.8465360403060913,
    0.6247852444648743,
    0.8411648273468018,
    0.4489131569862366,
    0.7776125073432922,
    0.7616248726844788,
    0.4503568112850189,
    0.7577872276306152,
    0.6632515788078308,
    0.6678304672241211,
    0.6547534465789795,
    0.6599162220954895,
    0.8316468000411987,
    0.48803338408470154,
    0.7458143830299377,
    0.6972335577011108,
    0.60801100730896,
    0.3946685791015625,
    0.6344089508056641,
    0.447020024061203,
    0.4621747136116028,
    0.43872690200805664,
    0.4763602018356323,
    0.7044352889060974,
    0.6849539875984192,
    0.6762571334838867,
    0.6533587574958801,
    0.7133401036262512,
    0.6728553175926208,
    0.6707184314727783,
    0.6911265254020691,
    0.6838968992233276,
    0.6859064698219299,
    0.6838310360908508,
    0.6969265937805176,
    0.6064061522483826,
    0.8694298267364502,
    0.7196109890937805,
    0.4677742123603821,
    0.7100140452384949,
    0.6396603584289551,
    0.6941544413566589,
    0.6636859774589539,
    0.6830145716667175,
    0.9999999403953552,
    0.7678090929985046,
    0.4099958837032318,
    0.7624413371086121,
    0.7555282115936279,
    0.7364543676376343,
    0.7130677103996277,
    0.7519740462303162,
    0.6226096153259277,
    0.8051620721817017,
    0.6227900981903076,
    0.6823344826698303,
    0.6394055485725403,
    0.4871231019496918,
    0.3257918357849121,
    0.5122373104095459,
    0.7100019454956055,
    0.7231226563453674,
    0.7195025682449341,
    0.678828239440918,
    0.7639886736869812,
    0.7416188716888428,
    0.758979856967926,
    0.7278488874435425,
    0.7916926741600037,
    0.44966697692871094,
    0.6968544125556946,
    0.4182843565940857,
    0.7649714350700378,
    0.7397503852844238,
    0.7607913613319397,
    0.7089327573776245,
    0.7505366206169128,
    0.8109197616577148,
    0.719148576259613,
    0.6682716012001038,
    0.8858952522277832,
    0.6388605237007141,
    0.4744909405708313,
    0.6849759817123413,
    0.39079391956329346,
    0.6915215849876404,
    0.7164096236228943,
    0.7640524506568909,
    0.6100383996963501,
    0.7549793124198914,
    0.9999999403953552,
    0.7288775444030762,
    0.7224372625350952,
    0.7576590776443481,
    0.6456986665725708,
    0.6565671563148499,
    0.6903086304664612,
    0.5143731236457825,
    0.7653779983520508,
    0.7577013969421387,
    0.706001877784729,
    0.6253565549850464,
    0.7110959887504578,
    0.9999999403953552,
    0.4351310729980469,
    0.7196118235588074,
    0.685797929763794,
    0.6937653422355652,
    0.7196126580238342,
    0.8158968091011047,
    0.6626132726669312,
    0.7095475792884827,
    0.3491927683353424,
    0.8111913204193115,
    0.7347557544708252,
    0.7428320646286011,
    0.8765199184417725,
    0.6489535570144653,
    0.4612882435321808,
    0.7910714745521545,
