{
  "variant": "assoc_rules_uniform_v3",
  "bertscore_f1": 0.684390127658844,
  "chexbert_micro_f1": 0.44235695986336465,
  "chexbert_macro_f1": 0.17454219191562212,
  "bleu4": 0.11000880897726945,
  "rouge_l": 0.2811519110090829,
  "per_label_f1": {
    "Enlarged Cardiomediastinum": 0.1694915254237288,
    "Cardiomegaly": 0.47368421052631576,
    "Lung Opacity": 0.1348314606741573,
    "Lung Lesion": 0.0,
    "Edema": 0.2222222222222222,
    "Consolidation": 0.0,
    "Pneumonia": 0.0,
    "Atelectasis": 0.047619047619047616,
    "Pneumothorax": 0.0,
    "Pleural Effusion": 0.3448275862068966,
    "Pleural Other": 0.0,
    "Fracture": 0.0625,
    "Support Devices": 0.4,
    "No Finding": 0.5884146341463414
  },
  "bertscore_per_study": [
    0.45450326800346375,
    0.6427869200706482,
    0.6524807214736938,
    0.7043771743774414,
    0.6895866394042969,
    0.5947520732879639,
    0.6544018387794495,
    0.864700198173523,
    0.6909506320953369,
    0.7601161599159241,
    0.6854290962219238,
    0.6766371130943298,
    0.661566972732544,
    0.6831103563308716,
    0.6440496444702148,
    0.5781839489936829,
    0.6722938418388367,
    0.6907987594604492,
    0.641463041305542,
    0.7277037501335144,
    0.6543295979499817,
    0.7177274823188782,
    0.6307141780853271,
    0.7611584067344666,
    0.6490269899368286,
    0.790574312210083,
    0.655182957649231,
    0.7758314609527588,
    0.7638207674026489,
    0.6613523960113525,
    0.6565777659416199,
    0.6639448404312134,
    0.6893616914749146,
    0.626500129699707,
    0.6430292129516602,
    0.8767558336257935,
    0.7571206092834473,
    0.5602559447288513,
    0.8142685294151306,
    0.678757905960083,
    0.7473033666610718,
    0.6503557562828064,
    0.6972028017044067,
    0.6433200836181641,
    0.610490620136261,
    0.6189659237861633,
    0.7553820013999939,
    0.514686644077301,
    0.704883337020874,
    0.7239305973052979,
    0.6289490461349487,
    0.659515917301178,
    0.6812471151351929,
    0.57789546251297,
    0.7024630308151245,
    0.7161343097686768,
    0.7458932399749756,
    0.732309877872467,
    0.7534528970718384,
    0.810280978679657,
    0.7162509560585022,
    0.9661875367164612,
    0.8723071813583374,
    0.7438299655914307,
    0.6249485611915588,
    0.5025716423988342,
    0.6176219582557678,
    0.7536308169364929,
    0.6673965454101562,
    0.6981205344200134,
    0.602077066898346,
    0.4184046983718872,
    0.7885991930961609,
    0.5734331011772156,
    0.765994668006897,
    0.7197044491767883,
    0.6223737001419067,
    0.7647532820701599,
    0.7561144232749939,
    0.5729854702949524,
    0.6941139101982117,
    0.8193002343177795,
    0.7071789503097534,
    0.5410638451576233,
    0.7186779975891113,
    0.5630330443382263,
    0.9151394963264465,
    0.798628568649292,
    0.7372648119926453,
    0.6744655966758728,
    0.7051113843917847,
    0.6681864261627197,
    0.626500129699707,
    0.7478618621826172,
    0.6433013081550598,
    0.7008140683174133,
    0.6973041892051697,
    0.7666515707969666,
    0.5566068887710571,
    0.6623864769935608,
    0.7562400102615356,
    0.7043771147727966,
    0.5399611592292786,
    0.7043771147727966,
    0.7651531100273132,
    0.6443328857421875,
    0.6310117840766907,
    0.6900344491004944,
    0.6713451147079468,
    0.5560064315795898,
    0.8092429637908936,
    0.6524366140365601,
    0.7199018001556396,
    0.5575928092002869,
    0.6065741777420044,
    0.7721884846687317,
    0.6703400015830994,
    0.7375709414482117,
    0.7608051896095276,
    0.7342627048492432,
    0.6254696846008301,
    0.6800819635391235,
    0.7191604375839233,
    0.6443192958831787,
    0.647773027420044,
    0.735856294631958,
    0.6580588817596436,
    0.6750875115394592,
    0.6429383158683777,
    0.7623776793479919,
    0.7441532611846924,
    0.6405616998672485,
    0.6964654326438904,
    0.6178651452064514,
    0.6668434143066406,
    0.7738993763923645,
    0.773474931716919,
    0.7529837489128113,
    0.6597443222999573,
    0.7627988457679749,
    0.6747018694877625,
    0.6730794310569763,
    0.7008466124534607,
    0.6302247047424316,
    0.6904904842376709,
    0.6102663278579712,
    0.6880503296852112,
    0.6866262555122375,
    0.8059858679771423,
    0.827522873878479,
    0.7420864701271057,
    0.723833441734314,
    0.6219304203987122,
    0.6107760667800903,
    0.7721449136734009,
    0.6718329787254333,
    0.44876354932785034,
    0.731494665145874,
    0.7308769226074219,
    0.6865724921226501,
    0.6203552484512329,
    0.7066836953163147,
    0.676645815372467,
    0.6763156652450562,
    0.7143324613571167,
    0.7257488369941711,
    0.5399149060249329,
    0.6325491666793823,
    0.6999236941337585,
    0.7232335209846497,
    0.7570434212684631,
    0.7864937782287598,
    0.7417584657669067,
    0.7156798839569092,
    0.8235774636268616,
    1.0,
    0.49550724029541016,
    0.6714240908622742,
    0.768822193145752,
    0.6839931011199951,
    0.6788316965103149,
    0.726007342338562,
    0.696875274181366,
    0.7291107177734375,
    0.7452396154403687,
    0.6510770320892334,
    0.5677822828292847,
    0.6868169903755188,
    0.7139790654182434,
    0.7580346465110779,
    0.6632400155067444,
    0.6364786624908447,
    0.6624299883842468,
    0.6711799502372742,
    0.7536370158195496,
    0.699782133102417,
    0.718859851360321,
    0.6786758899688721,
    0.6317028403282166,
    0.6877328157424927,
    0.6735920906066895,
    0.43322572112083435,
    0.5910446643829346,
    0.7173759937286377,
    0.46392640471458435,
    0.6930181384086609,
    0.7550338506698608,
    0.6785474419593811,
    0.6620585918426514,
    0.6494468450546265,
    0.6689368486404419,
    0.7560592293739319,
    0.6911265850067139,
    0.7126249074935913,
    0.6977868676185608,
    0.6673046946525574,
    0.6945538520812988,
    0.4367840588092804,
    0.6658979654312134,
    0.7196109890937805,
    0.6974471807479858,
    0.7100141644477844,
    0.5944262742996216,
    0.7761395573616028,
    0.5982431173324585,
    0.6830145716667175,
    0.7608051896095276,
    0.742331326007843,
    0.6310206651687622,
    0.7639037370681763,
    0.7152566313743591,
    0.7068985104560852,
    0.7102020978927612,
    0.8073127269744873,
    0.6213793158531189,
    0.7974411845207214,
    0.6145807504653931,
    0.6212566494941711,
    0.8098064661026001,
    0.6935955286026001,
    0.7475774884223938,
    0.4888584613800049,
    0.7348474264144897,
    0.6805299520492554,
    0.7375709414482117,
    0.6890197992324829,
    0.7611175775527954,
    0.7064936757087708,
    0.6620626449584961,
    0.5945912599563599,
    0.805285632610321,
    0.5113175511360168,
    0.658970832824707,
    0.7151541709899902,
    0.6962988972663879,
    0.6870274543762207,
    0.7357460260391235,
    0.854117214679718,
    0.7149738669395447,
    0.7099264860153198,
    0.6696455478668213,
    0.6621862649917603,
    0.7632747292518616,
    0.6699516773223877,
    0.6331681609153748,
    0.6531994342803955,
    0.45710301399230957,
    0.7174556851387024,
    0.6870145797729492,
    0.6889873147010803,
    0.6109756231307983,
    0.7017473578453064,
    0.7608051896095276,
    0.7314147353172302,
    0.9151394963264465,
    0.7021589279174805,
    0.6456987261772156,
    0.6613916754722595,
    0.690308690071106,
    0.6043246984481812,
    0.7275667190551758,
    0.4706447422504425,
    0.7070497870445251,
    0.6677429676055908,
    0.6640386581420898,
    0.7321146130561829,
    0.6461975574493408,
    0.6161258220672607,
    0.7094093561172485,
    0.6560260653495789,
    0.7283778190612793,
    0.7481395602226257,
    0.6626132130622864,
    0.6541654467582703,
    0.5960968136787415,
    0.8254708647727966,
    0.7383076548576355,
    0.6027178764343262,
    0.7486612796783447,
    0.6188947558403015,
    0.4092889428138733,
    0.788654625415802,
    0.5868865251541138,
    0.6304816007614136,
