{
  "variant": "rag_k3_uniform_v3",
  "bertscore_f1": 0.7076341509819031,
  "chexbert_micro_f1": 0.34316353887399464,
  "chexbert_macro_f1": 0.11604849737183313,
  "bleu4": 0.13906581392974965,
  "rouge_l": 0.30514958631058653,
  "per_label_f1": {
    "Enlarged Cardiomediastinum": 0.09375,
    "Cardiomegaly": 0.2569832402234637,
    "Lung Opacity": 0.06451612903225806,
    "Lung Lesion": 0.13333333333333333,
    "Edema": 0.0,
    "Consolidation": 0.0,
    "Pneumonia": 0.0,
    "Atelectasis": 0.11320754716981132,
    "Pneumothorax": 0.0,
    "Pleural Effusion": 0.16,
    "Pleural Other": 0.0,
    "Fracture": 0.06896551724137931,
    "Support Devices": 0.21052631578947367,
    "No Finding": 0.5233968804159446
  },
  "bertscore_per_study": [
    0.6421825289726257,
    0.7322449088096619,
    0.7260537147521973,
    0.7347025275230408,
    0.5811894536018372,
    0.6820242404937744,
    0.7726382613182068,
    0.7666225433349609,
    0.7104804515838623,
    0.729908287525177,
    0.6717889308929443,
    0.6858131885528564,
    0.6657335162162781,
    0.7094265222549438,
    0.58973228931427,
    0.6297686696052551,
    0.8451151251792908,
    0.8467373251914978,
    0.6512849926948547,
    0.6064614057540894,
    0.6776129007339478,
    0.7464275360107422,
    0.7618504762649536,
    0.7581216096878052,
    0.6839937567710876,
    0.7771753072738647,
    0.6803967356681824,
    0.6183892488479614,
    0.7638207674026489,
    0.5935910940170288,
    0.7208235263824463,
    0.6575594544410706,
    0.6768322587013245,
    0.7442300319671631,
    0.6146437525749207,
    0.7934898734092712,
    0.668991208076477,
    0.6508567929267883,
    1.0,
    0.6075146794319153,
    0.7867013812065125,
    0.5923130512237549,
    0.7815830707550049,
    0.6866846084594727,
    0.6476832628250122,
    0.5898304581642151,
    0.6902334094047546,
    0.6456696391105652,
    0.846910834312439,
    0.7751136422157288,
    0.5807734727859497,
    0.669550895690918,
    0.7154393792152405,
    0.6937422752380371,
    0.7537860870361328,
    0.7643574476242065,
    0.7512915134429932,
    0.7546246647834778,
    0.7846774458885193,
    0.9423993229866028,
    0.7775266766548157,
    0.6823343634605408,
    0.8741544485092163,
    0.7010058760643005,
    0.7033894658088684,
    0.6389878988265991,
    0.7048661112785339,
    0.7202887535095215,
    0.6597185730934143,
    1.0,
    0.6512765288352966,
    0.6189336180686951,
    0.6125602126121521,
    0.6329148411750793,
    0.7907187342643738,
    0.6757490634918213,
    0.6440621614456177,
    0.6478361487388611,
    0.8086822628974915,
    0.6105075478553772,
    0.6941139101982117,
    0.6119020581245422,
    0.8255134224891663,
    0.6547372341156006,
    0.7562626004219055,
    0.6749498844146729,
    0.7224372029304504,
    0.7544181942939758,
    0.6816017031669617,
    0.7115731835365295,
    0.7060803771018982,
    0.6263821721076965,
    0.7442300319671631,
    0.7090330123901367,
    0.6585266590118408,
    0.6990565657615662,
    0.8305171132087708,
    0.6878963112831116,
    0.5821873545646667,
    0.6303848624229431,
    0.7586602568626404,
    0.7780534625053406,
    0.7325338125228882,
    0.6137077808380127,
    0.8012766242027283,
    0.7190195322036743,
    0.6125399470329285,
    0.7496857047080994,
    0.6534218192100525,
    0.7697919607162476,
    0.7649405002593994,
    0.6305950284004211,
    0.6272245049476624,
    0.712350070476532,
    0.605986475944519,
    0.9182882308959961,
    0.6768370270729065,
    0.6119020581245422,
    0.6823343634605408,
    0.7637165188789368,
    0.6377196907997131,
    0.687011182308197,
    0.8295223116874695,
    0.6239542365074158,
    0.7600573897361755,
    0.7189942598342896,
    0.5963221788406372,
    1.000000238418579,
    0.7307987213134766,
    0.7831138968467712,
    0.7441532015800476,
    0.6975764632225037,
    0.6640967130661011,
    0.46412143111228943,
    0.7388995885848999,
    0.6554287672042847,
    0.7149848937988281,
    0.7898001670837402,
    0.6494458913803101,
    0.6554287672042847,
    0.7375261187553406,
    0.7628363966941833,
    0.7401124835014343,
    0.6984142661094666,
    0.765647292137146,
    0.6995161175727844,
    0.5781746506690979,
    0.6919106841087341,
    0.7358400225639343,
    0.770744800567627,
    0.7551513910293579,
    0.653331458568573,
    0.7506860494613647,
    0.6475372910499573,
    0.7891488075256348,
    0.7574431300163269,
    0.6235299110412598,
    0.7147683501243591,
    0.6887876987457275,
    0.768147885799408,
    0.5898279547691345,
    0.6842442750930786,
    0.7217649817466736,
    0.6707285046577454,
    0.6689964532852173,
    0.6075146794319153,
    0.695530354976654,
    0.7625648379325867,
    0.7413122653961182,
    0.6725462675094604,
    0.862373948097229,
    0.6377501487731934,
    0.5934385061264038,
    0.8232833743095398,
    0.6099163293838501,
    0.7910053133964539,
    0.6250531673431396,
    0.6497939825057983,
    0.7437689304351807,
    0.6414851546287537,
    0.7542989253997803,
    0.7237842082977295,
    0.6154351234436035,
    0.6714069843292236,
    0.6525572538375854,
    0.6520506143569946,
    0.7483819723129272,
    0.6828286647796631,
    0.7140638828277588,
    0.6542795300483704,
    0.7397748827934265,
    1.000000238418579,
    0.6969184875488281,
    0.6325761079788208,
    0.7812904715538025,
    0.6997820734977722,
    0.7332226634025574,
    0.6744231581687927,
    0.6024357080459595,
    0.715388834476471,
    0.6366065740585327,
    0.6560086607933044,
    0.6501389741897583,
    0.71320641040802,
    0.7688472270965576,
    0.7001272439956665,
    0.6166807413101196,
    0.7352074384689331,
    0.6726085543632507,
    0.6746814250946045,
    0.7036606073379517,
    0.9171239733695984,
    0.720812201499939,
    0.6657521724700928,
    0.6610925197601318,
    0.6069186925888062,
    0.7964613437652588,
    0.5845111012458801,
    0.8471869826316833,
    0.6176410913467407,
    0.701411783695221,
    0.7496150732040405,
    0.6395562291145325,
    0.7291133999824524,
    0.7183843851089478,
    0.6830145716667175,
    0.6823343634605408,
    0.6770704388618469,
    0.6412987112998962,
    0.7709319591522217,
    0.6840087175369263,
    0.8161543011665344,
    0.7150700092315674,
    0.7647219896316528,
    0.6309219002723694,
    0.5927431583404541,
    0.6140854954719543,
    0.5865145325660706,
    0.7200672030448914,
    0.6670153737068176,
    0.369182288646698,
    0.7777920365333557,
    0.7053529024124146,
    0.5882386565208435,
    0.6119020581245422,
    0.5602025985717773,
    0.723374605178833,
    0.7142845392227173,
    0.675983726978302,
    0.7240985035896301,
    0.8052855134010315,
    0.6244258284568787,
    0.7677668929100037,
    0.7647796273231506,
    0.7001675367355347,
    0.6742806434631348,
    0.7947350144386292,
    0.6851269602775574,
    0.7220325469970703,
    0.8064225912094116,
    0.6143161654472351,
    0.7369725108146667,
    0.7859471440315247,
    0.742289125919342,
    0.632635235786438,
    0.6141154170036316,
    0.6558051705360413,
    0.7134035229682922,
    0.7792423367500305,
    0.7197880744934082,
    0.6134005188941956,
    1.0,
    1.0,
    0.8557232022285461,
    0.7907662391662598,
    0.6710087656974792,
    0.8707025647163391,
    0.694040834903717,
    0.9958735704421997,
    0.7466648817062378,
    0.7667399048805237,
    0.7381099462509155,
    0.6284257769584656,
    0.6749021410942078,
    0.6640386581420898,
    0.6912967562675476,
    0.6763847470283508,
    0.7081150412559509,
    0.6922619938850403,
    0.6870790123939514,
    0.7158319354057312,
    0.8237832188606262,
    0.7810801267623901,
    0.7426497340202332,
    0.5960968136787415,
    0.7522839307785034,
    0.7304887175559998,
    0.760797381401062,
    0.9108566641807556,
    0.6426539421081543,
    0.7010442614555359,
    0.7842021584510803,
    0.5650580525398254,
    0.6269769668579102,
    0.8409221768379211,
