{
  "variant": "assoc_rules_weighted_v4",
  "bertscore_f1": 0.6861705780029297,
  "chexbert_micro_f1": 0.45585874799357945,
  "chexbert_macro_f1": 0.18405959651967616,
  "bleu4": 0.1072971141015143,
  "rouge_l": 0.2712785327964018,
  "per_label_f1": {
    "Enlarged Cardiomediastinum": 0.19672131147540983,
    "Cardiomegaly": 0.4861111111111111,
    "Lung Opacity": 0.1590909090909091,
    "Lung Lesion": 0.15384615384615385,
    "Edema": 0.2,
    "Consolidation": 0.0,
    "Pneumonia": 0.0,
    "Atelectasis": 0.09302325581395349,
    "Pneumothorax": 0.0,
    "Pleural Effusion": 0.2702702702702703,
    "Pleural Other": 0.0,
    "Fracture": 0.04081632653061224,
    "Support Devices": 0.3561643835616438,
    "No Finding": 0.6207906295754027
  },
  "bertscore_per_study": [
    0.7075023055076599,
    0.632639467716217,
    0.7336718440055847,
    0.7043771743774414,
    0.7289749383926392,
    0.6221984028816223,
    0.6550332903862,
    0.7224372029304504,
    0.6802069544792175,
    0.7501088976860046,
    0.683393120765686,
    0.688758373260498,
    0.6863309741020203,
    0.7736454606056213,
    0.6678303480148315,
    0.5781839489936829,
    0.7861218452453613,
    0.6283786296844482,
    0.6715041995048523,
    0.7195447683334351,
    0.6803122162818909,
    0.717727541923523,
    0.6307141780853271,
    0.6833407282829285,
    0.6725770235061646,
    0.7509768605232239,
    0.655182957649231,
    0.6950808167457581,
    0.7676709294319153,
    0.6874361038208008,
    0.6440927982330322,
    0.6610366106033325,
    0.6711206436157227,
    0.7094561457633972,
    0.6430292129516602,
    0.7870166897773743,
    0.7571206092834473,
    0.6680439710617065,
    1.0,
    0.678757905960083,
    0.6898521184921265,
    0.6546720862388611,
    0.7789873480796814,
    0.6456001400947571,
    0.3515538275241852,
    0.6135455369949341,
    0.758979856967926,
    0.6456694602966309,
    0.6687995791435242,
    0.7196118831634521,
    0.6268865466117859,
    0.6457436680793762,
    0.6790094375610352,
    0.5778954029083252,
    0.7073947787284851,
    0.7161343097686768,
    0.8493155241012573,
    0.689382016658783,
    0.786499559879303,
    0.6600435376167297,
    0.49003928899765015,
    0.9999999403953552,
    0.7091274261474609,
    0.7074410915374756,
    0.6249486804008484,
    0.5025715827941895,
    0.6176219582557678,
    0.8136051893234253,
    0.6537207961082458,
    0.7549794912338257,
    0.602077066898346,
    0.4665517807006836,
    0.7203451991081238,
    0.6056849956512451,
    0.7211859822273254,
    0.633800745010376,
    0.630565881729126,
    0.7304715514183044,
    0.7071545124053955,
    0.5729854106903076,
    0.662322998046875,
    0.8293349742889404,
    0.7071789503097534,
    0.5410637855529785,
    0.7186779975891113,
    0.5630329847335815,
    0.7224372029304504,
    0.6986259818077087,
    0.7664074897766113,
    0.5829682946205139,
    0.6797009110450745,
    0.7132764458656311,
    0.690308690071106,
    0.7074273228645325,
    0.6641255617141724,
    0.7008140683174133,
    0.6973041892051697,
    0.7311516404151917,
    0.583045482635498,
    0.6657492518424988,
    0.7503300309181213,
    0.7043771743774414,
    0.5399612188339233,
    0.7043771743774414,
    0.792639970779419,
    0.6425781846046448,
    0.6301707029342651,
    0.6900345087051392,
    0.6713451147079468,
    0.5867430567741394,
    0.7103328704833984,
    0.6592592597007751,
    0.7199018001556396,
    0.7164458632469177,
    0.38239824771881104,
    0.7962363958358765,
    0.7023264169692993,
    0.7195025086402893,
    1.0,
    0.7036665678024292,
    0.6601995229721069,
    0.7676709294319153,
    0.6958118081092834,
    0.6443193554878235,
    0.6680627465248108,
    0.7357421517372131,
    0.6471636295318604,
    0.6823344230651855,
    0.6972971558570862,
    0.7623775601387024,
    0.7216333150863647,
    0.6968128085136414,
    0.6408000588417053,
    0.6713225245475769,
    0.6928024888038635,
    0.7738993763923645,
    0.7535039186477661,
    0.7165564894676208,
    0.6819056272506714,
    0.7951452732086182,
    0.7062362432479858,
    0.7288775444030762,
    0.7500751614570618,
    0.7227441072463989,
    0.46480876207351685,
    0.6326802372932434,
    0.5460600852966309,
    0.7015079259872437,
    0.7358401417732239,
    0.8115401864051819,
    0.7457823753356934,
    0.7117224931716919,
    0.6943995356559753,
    0.6823343634605408,
    0.7796379923820496,
    0.7035332322120667,
    0.683481752872467,
    0.7156273126602173,
    0.759627640247345,
    0.7300315499305725,
    0.5960648059844971,
    0.717576265335083,
    0.7332574725151062,
    0.6763156056404114,
    0.7130181789398193,
    0.7553820013999939,
    0.6202234029769897,
    0.6325491666793823,
    0.6889705061912537,
    0.7232335209846497,
    0.7017049193382263,
    0.7859471440315247,
    0.6786314249038696,
    0.7156798839569092,
    0.7491655349731445,
    1.0,
    0.652145504951477,
    0.673866331577301,
    0.7623775601387024,
    0.7002295255661011,
    0.6747803092002869,
    0.7304410934448242,
    0.696875274181366,
    0.6247852444648743,
    0.7754741907119751,
    0.6462448835372925,
    0.7526090741157532,
    0.7028878927230835,
    0.644952118396759,
    0.7998412847518921,
    0.663251519203186,
    0.6823343634605408,
    0.6672245264053345,
    0.6842204332351685,
    0.7633468508720398,
    0.5200381278991699,
    0.7679784893989563,
    0.6972335577011108,
    0.6317027807235718,
    0.7186563014984131,
    0.6994736194610596,
    0.46804869174957275,
    0.4621747136116028,
    0.6689867377281189,
    0.40429162979125977,
    0.7553915977478027,
    0.6849539875984192,
    0.6762571334838867,
    0.6366681456565857,
    0.6494468450546265,
    0.6728553175926208,
    0.7560592293739319,
    0.6911265850067139,
    0.729383111000061,
    0.6977868676185608,
    0.6581096649169922,
    0.6945538520812988,
    0.4367837607860565,
    0.7447783946990967,
    0.7196109890937805,
    0.4677742123603821,
    0.7100141644477844,
    0.6101304292678833,
    0.6941545009613037,
    0.6636859178543091,
    0.6830145716667175,
    1.0,
    0.742331326007843,
    0.6044604778289795,
    0.7730602025985718,
    0.7381681203842163,
    0.7066088914871216,
    0.7349231839179993,
    0.8182331919670105,
    0.7029525637626648,
    0.723738968372345,
    0.6145807504653931,
    0.6823343634605408,
    0.6394054293632507,
    0.5826336145401001,
    0.7401872277259827,
    0.450458824634552,
    0.7100019454956055,
    0.6805611252784729,
    0.7195025086402893,
    0.6393619775772095,
    0.7639886736869812,
    0.7416187524795532,
    0.660474419593811,
    0.5945912599563599,
    0.7916926145553589,
    0.45027968287467957,
    0.6968544125556946,
    0.7771628499031067,
    0.7649714350700378,
    0.7247924208641052,
    0.7796379923820496,
    0.7089326977729797,
    0.7105700969696045,
    0.6896405220031738,
    0.6718486547470093,
    0.6682716012001038,
    1.0,
    0.6388605237007141,
    0.43033862113952637,
    0.6849758625030518,
    0.41933688521385193,
    0.6915214657783508,
    0.7700851559638977,
    0.6924805641174316,
    0.6100386381149292,
    0.7549794912338257,
    1.0,
    0.7288775444030762,
    0.7224372029304504,
    0.759078323841095,
    0.6456987261772156,
    0.6565671563148499,
    0.690308690071106,
    0.7195008397102356,
    0.7447870969772339,
    0.7334399819374084,
    0.7070497870445251,
    0.6096959114074707,
    0.6650263667106628,
    0.7466363906860352,
    0.6806745529174805,
    0.6161257028579712,
    0.7424778938293457,
    0.6937653422355652,
    0.7283776998519897,
    0.7382623553276062,
    0.6626132130622864,
    0.7653936743736267,
    0.6069390773773193,
    0.8111913204193115,
    0.7347556948661804,
    0.7156273126602173,
    0.7695214152336121,
    0.6380968689918518,
    0.41227832436561584,
    0.7910715341567993,
    0.6444122791290283,
    0.6823344230651855,
    0.8021039366722107,
